{
  "C1": 0,
  "L44": 0,
  "L42": 0,
  "L41": 0,
  "L39": 0,
  "L36": 0,
  "L34": 0,
  "L33": 0,
  "L32": 0,
  "L31": 0,
  "L30": 0,
  "L29": 0,
  "L27": 120,
  "L26": 2.04,
  "L25": 0,
  "C4": 240,
  "L24": 0,
  "L23": 0,
  "L20": 0,
  "L18": 0,
  "L17": 41.279999999999994,
  "L15": 60,
  "L14": 0,
  "L13": 0,
  "L12": 0,
  "L11": 0,
  "L9": 0,
  "L8": 0,
  "L7": 0,
  "L6": 0,
  "L4": 1.1159999999999999,
  "L3": 0,
  "L2": 0,
  "L1": 0,
  "E36": 0,
  "E35": 0,
  "E33": 1200,
  "E32": 0,
  "E31": 0,
  "E30": 0,
  "E29": 240,
  "E28": 0,
  "E27": 60,
  "E26": 132.0,
  "E24": 0,
  "E22": 0,
  "E21": 0,
  "E20": 9.0,
  "E18": 660,
  "E17": 4.5,
  "E16": 0,
  "E15": 0.016666666,
  "E14": 72.0,
  "E13": 0,
  "E12": 0,
  "E11": 0,
  "E10": 0,
  "E9": 0,
  "E7": 0,
  "E6": 0,
  "E5": 0,
  "E4": 0,
  "E3": 0,
  "E2": 0,
  "E1": 0,
  "R60": 0,
  "R59": 0,
  "R58": 0,
  "R57": 0,
  "R56": 92.88,
  "R54": 0,
  "R53": 0,
  "R51": 0,
  "R50": 132.0,
  "R49": 120,
  "R46": 0,
  "R45": 0,
  "R44": 240,
  "R43": 0,
  "R42": 120,
  "R39": 540,
  "R38": 72.0,
  "R36": 420,
  "R35": 0,
  "R34": 0,
  "R33": 0,
  "R31": 360,
  "R30": 0,
  "R29": 0,
  "R27": 0,
  "R25": 6.0,
  "R24": 0,
  "R23": 0,
  "R22": 0,
  "R21": 300,
  "R18": 360,
  "R16": 0,
  "R15": 0,
  "R13": 0,
  "R11": 0,
  "R10": 960,
  "R9": 0,
  "R8": 0,
  "R7": 0,
  "R6": 960,
  "R5": 0,
  "R4": 0,
  "R3": 0,
  "R2": 0,
  "R1": 0,
  "U40": 0,
  "U39": 0,
  "U38": 660,
  "U36": 600,
  "U34": 0,
  "U33": 480,
  "U32": 413.04,
  "U30": 360,
  "U29": 48.0,
  "U28": 0.84,
  "U27": 0,
  "U25": 150.0,
  "U24": 0,
  "U22": 0,
  "U21": 0,
  "U20": 840,
  "U18": 600,
  "U16": 0,
  "U15": 600,
  "U12": 360,
  "U11": 0,
  "U10": 12.0,
  "U9": 0,
  "U8": 0,
  "U7": 0,
  "U6": 0,
  "U5": 0,
  "U4": 0.84,
  "U3": 0,
  "U2": 0,
  "U1": 0,
  "C36": 540,
  "C35": 0,
  "C33": 300,
  "C30": 180,
  "C29": 480,
  "C27": 540,
  "C24": 0,
  "C23": 180,
  "C21": 540,
  "C20": 60,
  "C19": 6.0,
  "C18": 0,
  "C17": 180,
  "C16": 0,
  "C15": 660,
  "C14": 140.1,
  "C12": 696.0,
  "C11": 1080,
  "C10": 168.0,
  "C9": 540,
  "C8": 228.9,
  "C7": 240,
  "C5": 1020,
  "C3": 0,
  "C2": 0,
  "L28": 120,
  "E37": 0,
  "E34": 240,
  "R61": 0.168,
  "R52": 0,
  "U31": 150.0,
  "C34": 0,
  "C25": 240
}